syn_id	sample	gene	chrom	pos	ref	alt	consequence	disease	hpo
SYN-001	NA12878	TM2D3	chr15	101652355	C	A	stop_gained	Neurocardiorenal malformation syndrome	HP:0000046,HP:0100581,HP:0000233,HP:0000680,HP:0000691,HP:0000160
SYN-002	HG00096	GTPBP2	chr6	43622077	G	A	stop_gained	Jaberi-Elahi syndrome	HP:0000687,HP:0000341,HP:0005487,HP:0000331,HP:0000582,HP:0012745
SYN-003	HG00102	MDGA2	chr14	47061564	G	A	stop_gained	Developmental and epileptic encephalopathy 122	HP:0005484,HP:0002007,HP:0002714,HP:0000348,HP:0009890,HP:0000582
SYN-004	HG00108	NIPBL	chr5	37022325	C	T	stop_gained	Cornelia de Lange syndrome 1	HP:0001249,HP:0001263,HP:0000729,HP:0007018,HP:0100716,HP:0000739
SYN-005	HG00113	SON	chr21	33549517	C	T	stop_gained	ZTTK syndrome	HP:0004887,HP:0002878,HP:0002788,HP:0001601,HP:0000592,HP:0000565
SYN-006	HG00118	ROR2	chr9	91757380	G	A	stop_gained	Robinow syndrome, autosomal recessive 1	HP:0002164,HP:0001156,HP:0003027,HP:0011304,HP:0002937,HP:0004279
SYN-007	HG00123	ANKRD11	chr16	89279362	G	A	stop_gained	KBG syndrome	HP:0001249,HP:0001263,HP:0001572,HP:0000325,HP:0000574,HP:0000343
SYN-008	HG00129	WSB2	chr12	118052364	C	T	stop_gained	Luo-Agrawal neurodevelopmental syndrome	HP:0000093,HP:0002835,HP:0000341,HP:0000350,HP:0000582,HP:0011451
SYN-009	HG00136	POGZ	chr1	151406100	G	A	stop_gained	White-Sutton syndrome	HP:0000322,HP:0000194,HP:0000218,HP:0000303,HP:0000307,HP:0002714
SYN-010	HG00141	ARPC5	chr1	183635637	G	T	stop_gained	Immunodeficiency 133 with autoimmunity and autoinflammation	HP:0002718,HP:0004429,HP:0002841,HP:0002721,HP:0002608,HP:0012115
SYN-011	HG00148	IRF1	chr5	132486824	G	A	stop_gained	Immunodeficiency 117, mycobacteriosis, autosomal recessive	HP:0011274,HP:0032256,HP:0020087,HP:0002783,HP:0001508,HP:0410377
SYN-012	HG00155	GTPBP1	chr22	38727338	C	G	stop_gained	Neurodevelopmental disorder with characteristic facial and e	HP:0009890,HP:0000280,HP:0000158,HP:0012471,HP:0000341,HP:0000348
SYN-013	HG00171	PI4K2A	chr10	97640807	C	A	stop_gained	Neurodevelopmental disorder with hyperkinetic movements, sei	HP:0001761,HP:0001263,HP:0001270,HP:0002540,HP:0031943,HP:0002365
SYN-014	HG00178	ANTXR1	chr2	69044779	C	T	stop_gained	GAPO syndrome	HP:0003774,HP:0000179,HP:0000343,HP:0000706,HP:0000337,HP:0002007
SYN-015	HG00183	PAN2	chr12	56323330	C	A	stop_gained	Developmental delay with variable cardiac and renal congenit	HP:0002750,HP:0011304,HP:0000470,HP:0001252,HP:0001733,HP:0001081
SYN-016	HG00189	WDR26	chr1	224404453	C	A	stop_gained	Skraban-Deardorff syndrome	HP:0000341,HP:0000280,HP:0000545,HP:0001090,HP:0000486,HP:0005280
SYN-017	HG00234	RC3H1	chr1	173961865	G	A	stop_gained	Immune dysregulation and systemic hyperinflammation syndrome	HP:0002716,HP:0001744,HP:0034447,HP:6000374,HP:6000239,HP:0012115
SYN-018	HG00239	PLAAT3	chr11	63590148	G	T	stop_gained	Lipodystrophy, familial partial, type 9	HP:0001249,HP:0001263,HP:0007108,HP:0030051,HP:0001761,HP:0002064
SYN-019	HG00245	HIVEP2	chr6	142771882	C	A	stop_gained	Intellectual developmental disorder, autosomal dominant 43	HP:0000275,HP:0000276,HP:0005484,HP:0001324,HP:0001252,HP:0001257
SYN-020	HG00253	SMAD2	chr18	47869288	C	A	stop_gained	Congenital heart defects, multiple types, 8, with or without	HP:0000347,HP:0000218,HP:0011800,HP:0000337,HP:0000369,HP:0000358
SYN-021	HG00258	UNC13A	chr19	17669643	G	A	stop_gained	Neurodevelopmental disorder with hypotonia, epilepsy, and ab	HP:0002020,HP:0002572,HP:0004209,HP:0034671,HP:0003403,HP:0001252
SYN-022	HG00263	MAU2	chr19	19354418	C	T	stop_gained	Cornelia de Lange syndrome 7	HP:0000319,HP:0000179,HP:0000675,HP:0002007,HP:0000294,HP:0000582
SYN-023	HG00268	COPZ1	chr12	54348025	C	T	stop_gained	Neutropenia, severe congenital, 12, autosomal recessive	HP:0001873,HP:0001890,HP:0005403,HP:0001888,HP:0001882,HP:0012311
SYN-024	HG00274	GTF2H5	chr6	158191990	A	T	stop_gained	Trichothiodystrophy 3, photosensitive	HP:0001511,HP:0004322,HP:0007479,HP:0001788,HP:0000568,HP:0000601
SYN-025	HG00280	JPH1	chr8	74320934	G	T	stop_gained	Congenital myopathy 25	HP:0000175,HP:0030319,HP:0000597,HP:0000508,HP:0002015,HP:0031936
SYN-026	HG00288	BORCS8	chr19	19186967	T	TGGCCA	frameshift_variant	Neurodegeneration, infantile-onset, with optic atrophy and b	HP:0030746,HP:0001508,HP:0000958,HP:0002553,HP:0000574,HP:0034681
SYN-027	HG00309	ZRSR2	chrX	15822999	CAG	C	frameshift_variant	Orofaciodigital syndrome XXI	HP:0034976,HP:0012287,HP:0011748,HP:0011755,HP:0034323,HP:0031098
SYN-028	HG00318	LZTFL1	chr3	45833099	GGCTTT	G	frameshift_variant	Bardet-Biedl syndrome 17	HP:0003363,HP:0001830,HP:0005819,HP:0004209,HP:0006159,HP:0001156
SYN-029	HG00324	CILK1	chr6	53006393	CAT	C	frameshift_variant	Cranioectodermal dysplasia 6	HP:0002019,HP:0002035,HP:0001744,HP:0004719,HP:0003774,HP:0000103
SYN-030	HG00329	INPP4A	chr2	98535775	ACT	A	frameshift_variant	Neurodevelopmental disorder with growth impairment, quadripa	HP:0005484,HP:0000322,HP:0000348,HP:0009890,HP:0000448,HP:0000276
SYN-031	HG00335	GUK1	chr1	228145513	A	ATGGCTGCGGCGCCCGCTGGCCGGGC	frameshift_variant	Mitochondrial DNA depletion syndrome 21	HP:0032218,HP:0002721,HP:0002719,HP:0002155,HP:0003236,HP:0001397
SYN-032	HG00341	FBXO22	chr15	75903968	AGCCGGTAGGCTGCTGCGGCGAGTGCCGCG	A	frameshift_variant	Tayoun-Maawali syndrome	HP:0000086,HP:0004719,HP:0000089,HP:0000465,HP:0000252,HP:0000347
SYN-033	HG00346	UGGT1	chr2	128108039	TACTC	T	frameshift_variant	Congenital disorder of glycosylation, type IICC	HP:0000028,HP:0000340,HP:0000280,HP:0000347,HP:0005484,HP:0000666
SYN-034	HG00355	RNU5B-1	chr15	65304715	C	CT	frameshift_variant	Neurodevelopmental disorder with seizures and joint laxity	HP:0000490,HP:0000508,HP:0000545,HP:0000256,HP:0002007,HP:0000385
SYN-035	HG00361	ESAM	chr11	124756704	AG	A	frameshift_variant	Neurodevelopmental disorder with intracranial hemorrhage, se	HP:0000189,HP:0000218,HP:0000341,HP:0000506,HP:0002553,HP:0000431
SYN-036	HG00367	AHDC1	chr1	27549568	AG	A	frameshift_variant	Xia-Gibbs syndrome	HP:0001263,HP:0002342,HP:0001344,HP:0025336,HP:0031936,HP:0001288
SYN-037	HG00373	DVL1	chr1	1338045	AA	G	frameshift_variant	Robinow syndrome, autosomal dominant 2	HP:0002007,HP:0000463,HP:0000207,HP:0000219,HP:0000185,HP:0010297
SYN-038	HG00380	ZFX	chrX	24210953	CAT	C	frameshift_variant	Intellectual developmental disorder, X-linked syndromic 37	HP:0002021,HP:0001622,HP:0011410,HP:0000405,HP:0007443,HP:0031936
SYN-039	HG00403	IFT140	chr16	1525884	CACTA	C	frameshift_variant	Cranioectodermal dysplasia 5	HP:0000107,HP:0003774,HP:0000232,HP:0000687,HP:0000348,HP:0002007
SYN-040	HG00408	FAAP100	chr17	81550332	CCGGGCCTTCTT	C	frameshift_variant	Fanconi anemia, complementation group X	HP:0002089,HP:0000028,HP:0032464,HP:0000122,HP:0005343,HP:0012745
SYN-041	HG00420	RFC4	chr3	186790139	T	TA	frameshift_variant	Morimoto-Ryu-Malicdan neuromuscular syndrome	HP:0003355,HP:0011227,HP:0003155,HP:0000821,HP:0002747,HP:0012764
SYN-042	HG00428	RNU4-2	chr12	120291839	T	TA	frameshift_variant	ReNU syndrome	HP:0001263,HP:0001249,HP:0001252,HP:0000486,HP:0002019,HP:0000253
SYN-043	HG00442	EMILIN1	chr2	27082401	C	CA	frameshift_variant	Arterial tortuosity-bone fragility syndrome	HP:0000319,HP:0000219,HP:0000218,HP:0000494,HP:0012745,HP:0000286
SYN-044	HG00447	FGD1	chrX	54495379	CG	C	frameshift_variant	Aarskog-Scott syndrome	HP:0000316,HP:0000349,HP:0000337,HP:0000508,HP:0000581,HP:0000286
SYN-045	HG00452	DMRT2	chr9	1051741	AC	A	frameshift_variant	Spondylocostal dysostosis 7, autosomal recessive	HP:0031545,HP:0025805,HP:0033221,HP:0001888,HP:0003496,HP:0003261
SYN-046	HG00463	SUPT7L	chr2	27661144	T	TCTGG	frameshift_variant	Fischer-Zirnsak progeroid syndrome	HP:0000695,HP:0011220,HP:0000494,HP:0045075,HP:0000325,HP:0000260
SYN-047	HG00474	TGFB2	chr1	218405215	AT	A	frameshift_variant	Loeys-Dietz syndrome 4	HP:0000316,HP:0000272,HP:0000218,HP:0000193,HP:0000592,HP:0002650
SYN-048	HG00479	DNA2	chr10	68432445	A	AT	frameshift_variant	Rothmund-Thomson syndrome, type 4	HP:0000992,HP:0008404,HP:0010049,HP:0000054,HP:0000028,HP:0005280
SYN-049	HG00512	TAF4	chr20	61976329	C	CGTCG	frameshift_variant	Intellectual developmental disorder, autosomal dominant 73	HP:0002307,HP:0000289,HP:0000219,HP:0000677,HP:0000185,HP:0002553
SYN-050	HG00526	STXBP1	chr9	127682459	GC	G	frameshift_variant	Developmental and epileptic encephalopathy 4	HP:0011154,HP:0011167,HP:0000964,HP:0003487,HP:0000750,HP:0002376
SYN-051	HG00534	PIGA	chrX	15324864	C	T	missense_variant	Multiple congenital anomalies-hypotonia-seizures syndrome 2	HP:0012469,HP:0002521,HP:0008936,HP:0002123,HP:0003155,HP:0002705
SYN-052	HG00542	DONSON	chr21	33581355	G	A	missense_variant	Meier-Gorlin syndrome 10	HP:0000013,HP:0006443,HP:0001770,HP:0001822,HP:0004209,HP:0001182
SYN-053	HG00553	RAP1B	chr12	68648759	G	A	missense_variant	Thrombocytopenia 11 with multiple congenital anomalies and d	HP:0001873,HP:0001888,HP:0001882,HP:0001903,HP:0011968,HP:0000678
SYN-054	HG00558	U2AF2	chr19	55663744	G	A	missense_variant	Developmental delay, dysmorphic facies, and brain anomalies	HP:0011968,HP:0001263,HP:0002342,HP:0002194,HP:0000750,HP:0000729
SYN-055	HG00566	FBXL4	chr6	98875675	A	G	missense_variant	Mitochondrial DNA depletion syndrome 13 (encephalomyopathic 	HP:0002384,HP:0002119,HP:0003429,HP:0002013,HP:0011968,HP:0002283
SYN-056	HG00580	GON4L	chr1	155756957	C	T	missense_variant	Li-Takada-Miyake syndrome	HP:0000486,HP:0005484,HP:0000232,HP:0010803,HP:0000322,HP:0000348
SYN-057	HG00585	DOT1L	chr19	2185862	T	G	missense_variant	Nil-Deshwar neurodevelopmental syndrome	HP:0000041,HP:0000047,HP:0011800,HP:0000581,HP:0000452,HP:0000431
SYN-058	HG00593	MED16	chr19	886149	G	C	missense_variant	Guillouet-Gordon syndrome	HP:0100540,HP:0000185,HP:0000160,HP:0009933,HP:0000414,HP:0005484
SYN-059	HG00598	SETD2	chr3	47088172	G	A	missense_variant	Rabin-Pappas syndrome	HP:0011410,HP:0011344,HP:0031936,HP:0025336,HP:0000750,HP:0005487
SYN-060	HG00610	TGFBR2	chr3	30672252	G	T	missense_variant	Loeys-Dietz syndrome 2	HP:0001643,HP:0002616,HP:0030745,HP:0031252,HP:0001631,HP:0005182
SYN-061	HG00615	FBXO11	chr2	47819008	G	C	missense_variant	Intellectual developmental disorder with dysmorphic facies a	HP:0000252,HP:0001252,HP:0000729,HP:0001263,HP:0031936,HP:0000750
SYN-062	HG00623	SMARCC2	chr12	56172432	A	G	missense_variant	Coffin-Siris syndrome 8	HP:0000316,HP:0000486,HP:0000508,HP:0002643,HP:0008689,HP:0001344
SYN-063	HG00629	SETBP1	chr18	44951948	G	A	missense_variant	Schinzel-Giedion midface retraction syndrome	HP:0012385,HP:0000023,HP:0025259,HP:0002974,HP:0000347,HP:0010034
SYN-064	HG00635	MCCC1	chr3	183037432	A	C	missense_variant	3-Methylcrotonyl-CoA carboxylase 1 deficiency	HP:0001903,HP:0003234,HP:4000206,HP:0000790,HP:0033111,HP:0033596
SYN-065	HG00640	BRAF	chr7	140801502	T	C	missense_variant	Cardiofaciocutaneous syndrome	HP:0000520,HP:0000316,HP:0000486,HP:0001744,HP:0000369,HP:0000391
SYN-066	HG00652	WDR83OS	chr19	12669353	C	A	missense_variant	Neurodevelopmental disorder with variable familial hyperchol	HP:0003155,HP:0002908,HP:0000316,HP:0000486,HP:0000508,HP:0002020
SYN-067	HG00657	CACHD1	chr1	64666168	G	A	missense_variant	Davis-Wells syndrome	HP:0001545,HP:0004792,HP:0010055,HP:0001763,HP:0002650,HP:0000470
SYN-068	HG00671	IKZF2	chr2	213049830	C	G	missense_variant	Immunodysregulation, craniofacial anomalies, hearing impairm	HP:0020206,HP:0000403,HP:0000365,HP:0001263,HP:0001344,HP:4000079
SYN-069	HG00683	MAN2B2	chr4	6575322	G	A	missense_variant	Congenital disorder of glycosylation type 1EE with or withou	HP:0000252,HP:0000486,HP:0009098,HP:0002633,HP:0001263,HP:0001269
SYN-070	HG00691	RBSN	chr3	15090399	C	G	missense_variant	Myelofibrosis, congenital, with anemia, neutropenia, develop	HP:0000010,HP:0000341,HP:0000581,HP:0000526,HP:0000568,HP:0000612
SYN-071	HG00699	FDXR	chr17	74866833	G	A	missense_variant	Multiple mitochondrial dysfunctions syndrome 9B	HP:0002791,HP:0011923,HP:0011924,HP:0008314,HP:0034692,HP:0004322
SYN-072	HG00704	FASTKD5	chr20	3147861	G	A	missense_variant	Mitochondrial complex IV deficiency, nuclear type 24	HP:0002015,HP:0002578,HP:0003546,HP:0000470,HP:0003689,HP:0003688
SYN-073	HG00709	BBS2	chr16	56510923	T	C	missense_variant	Bardet-Biedl syndrome 2	HP:0000041,HP:0000047,HP:0000003,HP:0010946,HP:0012622,HP:0000103
SYN-074	HG00732	NAA80	chr3	50297141	A	G	missense_variant	Auroneurodental syndrome	HP:0000407,HP:0000369,HP:0000411,HP:0000316,HP:0000699,HP:0002553
SYN-075	HG00737	TRAF7	chr16	2174315	T	G	missense_variant	Cardiac, facial, and digital anomalies with developmental de	HP:0000064,HP:0000218,HP:0000341,HP:0000506,HP:0045025,HP:0000252
SYN-076	HG00742	MTOR	chr1	11130747	C	T	missense_variant	Smith-Kingsmore syndrome	HP:0001538,HP:0002240,HP:0001838,HP:0005490,HP:0002007,HP:0030799
SYN-077	HG00851	OAS2	chr12	113006516	C	G	missense_variant	Autoinflammation and autoimmunity, systemic, with immune dys	HP:0002573,HP:0030151,HP:0020062,HP:0001342,HP:0000421,HP:0002153
SYN-078	HG00956	KMT2D	chr12	49034233	A	G	missense_variant	Kabuki Syndrome 1	HP:0000083,HP:0010804,HP:0006335,HP:0004467,HP:0002553,HP:0000453
SYN-079	HG01031	SC5D	chr11	121307244	G	A	missense_variant	Lathosterolosis	HP:0000252,HP:0000518,HP:0000347,HP:0001830,HP:0005768,HP:0000085
SYN-080	HG01050	ITGAV	chr2	186625496	G	C	missense_variant	Immune dysregulation, neurodevelopmental defects, and coliti	HP:0010479,HP:0000193,HP:0000252,HP:0031813,HP:0002583,HP:0001545
SYN-081	HG01055	MAPK8IP3	chr16	1767834	C	T	missense_variant	Neurodevelopmental disorder with or without variable brain a	HP:0001263,HP:0002342,HP:0100704,HP:0033725,HP:0000322,HP:0000574
SYN-082	HG01062	MOCS3	chr20	50959611	G	A	missense_variant	Molybdenum cofactor deficiency, type B2	HP:0002093,HP:0006532,HP:0032350,HP:0011814,HP:0011943,HP:0010934
SYN-083	HG01068	ERI1	chr8	9011704	A	T	missense_variant	Spondyloepimetaphyseal dysplasia, Guo-Campeau type	HP:0001159,HP:0004322,HP:0001773,HP:0004279,HP:0004570,HP:0002827
SYN-084	HG01073	CDK10	chr16	89693468	G	A	missense_variant	Al Kaissi syndrome	HP:0004322,HP:0004325,HP:0001511,HP:0008897,HP:0000286,HP:0000319
SYN-085	HG01080	CRELD1	chr3	9942863	T	C	missense_variant	Jeffries-Lakhani neurodevelopmental syndrome	HP:0001252,HP:0033454,HP:0002870,HP:0032794,HP:0010862,HP:0002194
SYN-086	HG01085	SMC3	chr10	110589913	T	TGCA	inframe_indel	Cornelia de Lange syndrome 3	HP:0001263,HP:0000286,HP:0000218,HP:0000369,HP:0000574,HP:0000252
SYN-087	HG01092	SMARCB1	chr22	23833669	GAGA	G	inframe_indel	Coffin-Siris syndrome 3	HP:0000646,HP:0000508,HP:0000028,HP:0000252,HP:0000289,HP:0000215
SYN-088	HG01098	TOP2B	chr3	25629071	ATGC	A	inframe_indel	B-cell immunodeficiency, distal limb anomalies, and urogenit	HP:0000316,HP:0001508,HP:0002553,HP:0000979,HP:0011132,HP:0000020
SYN-089	HG01103	ETFB	chr19	51354220	GCCT	G	inframe_indel	Glutaric acidemia IIB	HP:0000347,HP:0001252,HP:0003241,HP:0033213,HP:0034648,HP:0003219
SYN-090	HG01108	LZTR1	chr22	20990489	CCAA	C	inframe_indel	Noonan syndrome 10	HP:0000494,HP:0001639,HP:0000316,HP:0000508,HP:0002212,HP:0000369
SYN-091	HG01113	ELFN1	chr7	1745068	ATCG	A	inframe_indel	Dursun-Ozgul neurodevelopmental syndrome	HP:0000179,HP:0000341,HP:0009890,HP:0000307,HP:0000286,HP:0000582
SYN-092	HG01124	ANKH	chr5	14713618	GGTTTTCTTCAGT	G	inframe_indel	Craniometaphyseal dysplasia	HP:0002694,HP:0000365,HP:0004437,HP:0003155,HP:0010628,HP:0003015
SYN-093	HG01133	TGFBR1	chr9	99137977	TAAGATA	C	inframe_indel	Loeys-Dietz syndrome 1	HP:0000592,HP:0000316,HP:0000545,HP:0000268,HP:0000272,HP:0000286
SYN-094	HG01138	B3GALT6	chr1	1232684	GTGCTGGCCA	G	inframe_indel	Ehlers-Danlos syndrome, spondylodysplastic type, 2	HP:0010575,HP:0002827,HP:0430047,HP:0006094,HP:0002751,HP:0001027
SYN-095	HG01148	SPINK5	chr5	148111891	TTCTTGTGAGTGGGCGGCAGCCACTG	CT	inframe_indel	Netherton syndrome	HP:0045074,HP:0045075,HP:0000653,HP:0000365,HP:0001263,HP:0001287
SYN-096	HG01164	DCLRE1C	chr10	14954009	A	G	start_lost	Omenn syndrome	HP:0030252,HP:0033222,HP:0040218,HP:0001880,HP:0032132,HP:0002850
SYN-097	HG01171	TRA2B	chr3	185937859	A	C	start_lost	Ramond-Elliott neurodevelopmental syndrome	HP:0000252,HP:0012450,HP:0011968,HP:0008936,HP:0000483,HP:0000750
SYN-098	HG01176	GCSH	chr16	81096278	T	C	start_lost	Multiple mitochondrial dysfunctions syndrome 7	HP:0000194,HP:0000212,HP:0000463,HP:0005484,HP:0000268,HP:0002154
SYN-099	HG01184	MSL2	chr3	136195113	T	C	start_lost	Karayol-Borroto-Haghshenas neurodevelopmental syndrome	HP:0002104,HP:0001382,HP:0000490,HP:0000577,HP:0011003,HP:0010529
SYN-100	HG01191	PTBP1	chr19	797500	G	A	start_lost	STAD syndrome	HP:0010049,HP:0009882,HP:0011069,HP:0000337,HP:0000300,HP:0000541
